NAME,STATE_NAME,STATE_ABBR,STATE_FIPS,COUNTY_FIPS,FIPS,POPULATION,POP_SQMI,SQMI,Homicide_Prev,Hospital,Transit,sum_Area_SquareKilometers,Polygon_Count,AnalysisArea,Homicide
Anderson County,Texas,TX,48,1,48001,57922,53.7,1078,0.00037738,0.00000077,0.00311016,2777.039258,1,2777.039257,-0.00037738
Andrews County,Texas,TX,48,3,48003,18610,12.4,1501.09,0.00052432,0.00000106,0.00193128,3838.3464,1,3841.471608,-0.00052432
Angelina County,Texas,TX,48,5,48005,86395,99.9,864.78,0.00029868,0.00000061,0.79800291,2210.868937,1,2210.868935,-0.00029868
Aransas County,Texas,TX,48,7,48007,23830,92.5,257.68,0.08729891,0.00399029,0.00217195,766.826158,2,779.795901,-0.08729891
Archer County,Texas,TX,48,9,48009,8560,9.2,925.59,0.00033284,0.00000068,0.09431626,2401.332295,1,2401.332295,-0.00033284
Armstrong County,Texas,TX,48,11,48011,1848,2,913.83,0.00033247,0.00000067,4.72149071,2361.167223,1,2361.167223,-0.00033247
Atascosa County,Texas,TX,48,13,48013,48981,40.1,1221.47,0.00688583,0.00052101,18.55137374,3235.40522,2,3235.405218,-0.00688583
Austin County,Texas,TX,48,15,48015,30167,46,656.38,0.00022687,0.00015157,0.00213184,1702.791576,1,1702.791576,-0.00022687
Bailey County,Texas,TX,48,17,48017,6904,8.3,827.66,0.00028975,0.00000059,1.83899559,2079.670967,1,2079.679847,-0.00028975
Bandera County,Texas,TX,48,19,48019,20851,26.1,797.72,0.00029216,0.0003024,0.07704355,2195.607299,1,2195.607297,-0.00029216
Bastrop County,Texas,TX,48,21,48021,97216,108.6,895.57,0.00031139,0.00103557,0.00159772,2332.109555,1,2332.109552,-0.00031139
Baylor County,Texas,TX,48,23,48023,3465,3.8,901.07,0.00031769,0.00000064,0.00194591,2292.065941,1,2292.065939,-0.00031769
Bee County,Texas,TX,48,25,48025,31047,35.3,880.33,0.0003086,0.00000063,0.00126709,2349.061525,1,2349.061524,-0.0003086
Bell County,Texas,TX,48,27,48027,370647,340,1090.28,0.00037789,0.00095266,0.07538332,2803.383696,1,2803.383697,-0.00037789
Bexar County,Texas,TX,48,29,48029,2009324,1599.7,1256.07,0.76434507,0.0219551,0.00140427,3251.289199,4,3251.289198,-0.76434507
Blanco County,Texas,TX,48,31,48031,11374,15.9,713.43,0.00024905,0.00007904,0.00109688,1862.106755,1,1862.106754,-0.00024905
Borden County,Texas,TX,48,33,48033,631,0.7,906.05,0.00031573,0.00000064,0.00133325,2300.342052,1,2300.342052,-0.00031573
Bosque County,Texas,TX,48,35,48035,18235,18.2,1002.54,0.00035244,0.00000072,0.00131805,2591.057013,1,2591.057012,-0.00035244
Bowie County,Texas,TX,48,37,48037,92893,100.7,922.93,0.00033051,0.00000068,0.00192679,2389.098487,1,2429.290158,-0.00033051
Brazoria County,Texas,TX,48,39,48039,372031,261.7,1421.8,0.39575978,0.00760741,26.34644641,3726.195829,9,3729.009489,-0.39575978
Brazos County,Texas,TX,48,41,48041,233849,395.5,591.24,0.00020753,0.00000042,0.00426753,1545.499266,1,1545.499267,-0.00020753
Brewster County,Texas,TX,48,43,48043,9546,1.5,6192.29,0.00209884,0.00000426,0.00223173,15763.55613,1,15778.36312,-0.00209884
Briscoe County,Texas,TX,48,45,48045,1435,1.6,901.57,0.00032691,0.00000066,0.00645788,2333.724259,1,2333.724259,-0.00032691
Brooks County,Texas,TX,48,47,48047,7076,7.5,943.65,0.00032637,0.00000066,0.0010428,2515.178661,1,2515.17866,-0.00032637
Brown County,Texas,TX,48,49,48049,38095,39.8,956.96,0.0003351,0.00000068,0.00191597,2467.007375,1,2467.007377,-0.0003351
Burleson County,Texas,TX,48,51,48051,17642,26.1,676.86,0.0002383,0.00000048,0.05667512,1777.708212,1,1777.708212,-0.0002383
Burnet County,Texas,TX,48,53,48053,49130,48.1,1021.77,0.00034992,0.00017067,0.00072763,2602.534175,1,2602.534176,-0.00034992
Caldwell County,Texas,TX,48,55,48055,45883,84,546.45,0.00018695,0.00051112,0.00180613,1403.797867,1,1403.797867,-0.00018695
Calhoun County,Texas,TX,48,57,48057,20106,37,542.99,0.19906683,0.00527211,0.00125589,1474.714219,4,1497.678019,-0.19906683
Callahan County,Texas,TX,48,59,48059,13708,15.2,901.26,0.00031742,0.00000064,0.00215034,2323.720532,1,2323.720532,-0.00031742
Cameron County,Texas,TX,48,61,48061,421017,447.1,941.75,0.1652904,0.00553363,0.00144463,2361.914173,4,2380.787457,-0.1652904
Camp County,Texas,TX,48,63,48063,12464,61.3,203.23,6.94E-05,0.00000014,0.00128428,504.5623588,1,504.5623592,-0.0000694
Carson County,Texas,TX,48,65,48065,5807,6.3,924.1,0.00033969,0.00000069,0.00237116,2399.649149,1,2399.649147,-0.00033969
Cass County,Texas,TX,48,67,48067,28454,29.6,960.3,0.00034429,0.0000007,4.63639187,2499.005535,1,2512.170214,-0.00034429
Castro County,Texas,TX,48,69,48069,7371,8.2,899.29,0.00033217,0.00000067,0.00181891,2371.28344,1,2371.283439,-0.00033217
Chambers County,Texas,TX,48,71,48071,46571,74.1,628.84,0.04039745,0.00078769,0.00475399,1606.905341,3,1613.494211,-0.04039745
Cherokee County,Texas,TX,48,73,48073,50412,47.5,1062.17,0.00037101,0.00000075,0.0159908,2729.51902,1,2729.519021,-0.00037101
Childress County,Texas,TX,48,75,48075,6664,9.3,713.72,0.0002592,0.00000053,0.00294842,1850.359201,1,1861.040027,-0.0002592
Clay County,Texas,TX,48,77,48077,10218,9.1,1116.75,0.00038947,0.00000079,0.00254116,2804.574596,1,2811.776521,-0.00038947
Cochran County,Texas,TX,48,79,48079,2547,3.3,775.17,0.00028174,0.00000057,0.01229135,2032.967669,1,2033.015012,-0.00028174
Coke County,Texas,TX,48,81,48081,3285,3.5,927.99,0.0003234,0.00000066,0.00767361,2377.928086,1,2377.928087,-0.0003234
Coleman County,Texas,TX,48,83,48083,7684,6,1281.44,0.00045014,0.00000091,0.00137816,3313.969224,1,3313.969221,-0.00045014
Collin County,Texas,TX,48,85,48085,1064465,1201.6,885.87,0.05372476,0.01557581,0.14575106,2275.596784,4,2275.596782,-0.05372476
Collingsworth County,Texas,TX,48,87,48087,2652,2.9,919.32,0.00033648,0.00000068,0.00163259,2389.643402,1,2397.186249,-0.00033648
Colorado County,Texas,TX,48,89,48089,20557,21.1,973.68,0.00034121,0.00000069,0.00197353,2567.630995,1,2567.630998,-0.00034121
Comal County,Texas,TX,48,91,48091,161501,280.9,574.88,0.01002929,0.00269702,0.00190697,1481.604057,2,1481.604056,-0.01002929
Comanche County,Texas,TX,48,93,48093,13594,14.3,947.68,0.00033372,0.00000068,0.00127963,2452.262005,1,2452.262003,-0.00033372
Concho County,Texas,TX,48,95,48095,3303,3.3,993.69,0.00035086,0.00000071,0.00120444,2595.195956,1,2595.195953,-0.00035086
Cooke County,Texas,TX,48,97,48097,41668,46.4,898.5,0.00031659,0.00029411,0.00208706,2283.449257,1,2296.519911,-0.00031659
Coryell County,Texas,TX,48,99,48099,83093,78.6,1056.82,0.00036774,0.00003741,0.00184939,2718.234619,1,2718.234621,-0.00036774
Cottle County,Texas,TX,48,101,48101,1380,1.5,901.61,0.00032108,0.00000065,0.00269458,2304.106997,1,2304.107001,-0.00032108
Crane County,Texas,TX,48,103,48103,4675,5.9,785.73,0.00028358,0.00000058,0.00573692,2095.350136,1,2095.350135,-0.00028358
Crockett County,Texas,TX,48,105,48105,3098,1.1,2807.35,0.00098718,0.000002,0.00163714,7347.310641,1,7347.310637,-0.00098718
Crosby County,Texas,TX,48,107,48107,5133,5.7,901.7,0.00032783,0.00000067,0.00208946,2365.294757,1,2365.294758,-0.00032783
Culberson County,Texas,TX,48,109,48109,2188,0.6,3812.36,0.00134105,0.00000272,0.00096918,9906.153127,1,9906.504728,-0.00134105
Dallam County,Texas,TX,48,111,48111,7115,4.7,1505.14,0.00053227,0.00000108,0.00462536,3719.839994,1,3732.986232,-0.00053227
Dallas County,Texas,TX,48,113,48113,2613539,2876.6,908.54,1.18283035,0.03918479,0.00191316,2328.67504,5,2328.675041,-1.18283035
Dawson County,Texas,TX,48,115,48115,12456,13.8,902.13,0.00031651,0.00000064,0.00227175,2306.063798,1,2306.0638,-0.00031651
Deaf Smith County,Texas,TX,48,117,48117,18583,12.4,1498.34,0.00052541,0.00000107,0.00198221,3731.381742,1,3731.381744,-0.00052541
Delta County,Texas,TX,48,119,48119,5230,18.8,277.93,0.00010341,0.00000021,0.0022345,747.9802189,1,747.9802196,-0.00010341
Denton County,Texas,TX,48,121,48121,906422,952.5,951.66,0.03152135,0.02137539,0.00190465,2472.265395,4,2472.265395,-0.03152135
DeWitt County,Texas,TX,48,123,48123,19824,21.8,910.49,0.00031619,0.00000064,0.00974271,2391.623168,1,2391.62317,-0.00031619
Dickens County,Texas,TX,48,125,48125,1770,2,905.22,0.0003318,0.00000067,0.00177893,2393.826347,1,2393.826345,-0.0003318
Dimmit County,Texas,TX,48,127,48127,8615,6.5,1334.51,0.00044572,0.0000009,0.00147296,3392.470947,1,3392.470949,-0.00044572
Donley County,Texas,TX,48,129,48129,3258,3.5,933.05,0.00033935,0.00000069,0.00146761,2410.021104,1,2410.021104,-0.00033935
Duval County,Texas,TX,48,131,48131,9831,5.5,1795.59,0.0006072,0.00000123,0.00234547,4652.560677,1,4652.560681,-0.0006072
Eastland County,Texas,TX,48,133,48133,17725,19,931.91,0.00033538,0.00000068,0.00221601,2454.435625,1,2454.435627,-0.00033538
Ector County,Texas,TX,48,135,48135,165171,183.2,901.82,0.00031214,0.00000063,0.00217493,2295.711686,1,2295.711684,-0.00031214
Edwards County,Texas,TX,48,137,48137,1422,0.7,2119.87,0.00071649,0.00000145,0.38680123,5372.58742,1,5372.58742,-0.00071649
Ellis County,Texas,TX,48,139,48139,192455,202.2,951.95,0.10349939,0.00422626,2.30129886,2432.715932,4,2432.715935,-0.10349939
El Paso County,Texas,TX,48,141,48141,865657,852.6,1015.29,0.0003485,0.0027313,0.00229477,2565.695225,1,2573.25147,-0.0003485
Erath County,Texas,TX,48,143,48143,42545,39,1089.81,0.00038883,0.00000079,0.00296557,2848.382917,1,2848.382917,-0.00038883
Falls County,Texas,TX,48,145,48145,16968,21.9,773.87,0.00026654,0.00000055,0.00179682,1972.927381,1,1972.927383,-0.00026654
Fannin County,Texas,TX,48,147,48147,35662,39.7,898.88,0.11770319,0.00007776,0.56060818,2336.795049,3,2343.024692,-0.11770319
Fayette County,Texas,TX,48,149,48149,24435,25.5,959.81,0.00032904,0.00000067,0.00200791,2469.728738,1,2469.728736,-0.00032904
Fisher County,Texas,TX,48,151,48151,3672,4.1,901.76,0.00031832,0.00000065,0.00216329,2319.238565,1,2319.238562,-0.00031832
Floyd County,Texas,TX,48,153,48153,5402,5.4,992.52,0.00034881,0.00000071,0.41536211,2503.389811,1,2503.389811,-0.00034881
Foard County,Texas,TX,48,155,48155,1095,1.5,707.69,0.00026144,0.00000053,4.29061131,1878.476321,1,1878.476321,-0.00026144
Fort Bend County,Texas,TX,48,157,48157,822779,929.4,885.25,0.77056113,0.01079766,0.00345908,2313.806492,9,2313.806493,-0.77056113
Franklin County,Texas,TX,48,159,48159,10359,35.1,294.77,0.00010607,0.00000022,0.00167419,769.0386064,1,769.0386067,-0.00010607
Freestone County,Texas,TX,48,161,48161,19435,21.8,891.99,0.00031501,0.00000064,0.43032908,2320.747157,1,2320.747154,-0.00031501
Frio County,Texas,TX,48,163,48163,18385,16.2,1134.35,0.00039093,0.00000085,0.00647513,2963.139747,1,2963.139744,-0.00039093
Gaines County,Texas,TX,48,165,48165,21598,14.4,1502.85,0.00052785,0.00000107,0.94850896,3845.960319,1,3851.799838,-0.00052785
Galveston County,Texas,TX,48,167,48167,350682,906.6,386.83,0.3886853,0.05240546,0.00153237,1044.456995,13,1060.28871,-0.3886853
Garza County,Texas,TX,48,169,48169,5816,6.5,896.2,0.00032285,0.00000066,0.00293596,2340.973771,1,2340.973772,-0.00032285
Gillespie County,Texas,TX,48,171,48171,26725,25.2,1061.68,0.00037823,0.00000077,0.00227099,2826.530296,1,2826.53029,-0.00037823
Glasscock County,Texas,TX,48,173,48173,1116,1.2,901.08,0.00031548,0.00000064,0.00171889,2320.220176,1,2320.220175,-0.00031548
Goliad County,Texas,TX,48,175,48175,7012,8.2,859.37,0.0003012,0.00000061,0.90256464,2287.504079,1,2287.504078,-0.0003012
Gonzales County,Texas,TX,48,177,48177,19653,18.4,1069.85,0.0003644,0.00000074,0.00210378,2746.325683,1,2746.325682,-0.0003644
Gray County,Texas,TX,48,179,48179,21227,22.8,929.33,0.00034586,0.0000007,0.00168562,2443.319142,1,2443.319141,-0.00034586
Grayson County,Texas,TX,48,181,48181,135543,138.4,979.2,0.00035516,0.00140705,0.00251837,2561.932343,1,2568.172619,-0.00035516
Gregg County,Texas,TX,48,183,48183,124239,450.5,275.78,0.0001005,0.00055903,0.00255374,734.3289458,1,734.3289475,-0.0001005
Grimes County,Texas,TX,48,185,48185,29268,36.5,801.6,0.00028117,0.00047016,0.00222414,2096.474502,1,2096.474501,-0.00028117
Guadalupe County,Texas,TX,48,187,48187,172706,241.6,714.79,0.00871721,0.00136251,0.00174746,1826.195284,2,1826.195285,-0.00871721
Hale County,Texas,TX,48,189,48189,32522,32.4,1004.77,0.00035373,0.00000072,0.00148029,2538.69203,1,2538.69203,-0.00035373
Hall County,Texas,TX,48,191,48191,2825,3.1,904.09,0.00032397,0.00000066,0.00239908,2312.668854,1,2312.668855,-0.00032397
Hamilton County,Texas,TX,48,193,48193,8222,9.8,836.39,0.00029364,0.0000006,1.59421635,2163.293308,1,2163.293307,-0.00029364
Hansford County,Texas,TX,48,195,48195,5285,5.7,920.41,0.00033035,0.00000067,0.00168404,2308.754563,1,2313.085396,-0.00033035
Hardeman County,Texas,TX,48,197,48197,3549,5.1,696.87,0.00025096,0.00000051,0.00179983,1796.591771,1,1802.22361,-0.00025096
Hardin County,Texas,TX,48,199,48199,56231,62.6,897.55,0.00031448,0.00049799,0.00931898,2349.926237,1,2349.926237,-0.00031448
Harris County,Texas,TX,48,201,48201,4731145,2705.5,1748.72,3.60928889,0.09061267,0.00271023,4507.180374,10,4511.02699,-3.60928889
Harrison County,Texas,TX,48,203,48203,68839,75.2,915.75,0.00032907,0.00000067,0.00314729,2402.663999,1,2402.664,-0.00032907
Hartley County,Texas,TX,48,205,48205,5382,3.7,1463.11,0.00052798,0.00000107,0.00093258,3709.89093,1,3709.89153,-0.00052798
Haskell County,Texas,TX,48,207,48207,5416,5.9,910.26,0.00032575,0.00000066,0.00155322,2361.84837,1,2361.848369,-0.00032575
Hays County,Texas,TX,48,209,48209,241067,355.1,678.8,0.00022869,0.00161801,0.02464432,1713.513635,1,1713.513636,-0.00022869
Hemphill County,Texas,TX,48,211,48211,3382,3.7,912.16,0.00033691,0.00000069,0.00200941,2367.308821,1,2374.882973,-0.00033691
Henderson County,Texas,TX,48,213,48213,82150,86.6,948.44,0.00033159,0.00000067,0.00058258,2429.684214,1,2429.684215,-0.00033159
Hidalgo County,Texas,TX,48,215,48215,870781,550.1,1582.83,0.00054334,0.0033585,0.0441166,4210.09009,1,4220.881062,-0.00054334
Hill County,Texas,TX,48,217,48217,35874,36.4,985.71,0.00034947,0.00007209,0.00194499,2566.747112,1,2566.747113,-0.00034947
Hockley County,Texas,TX,48,219,48219,21537,23.7,908.56,0.00033038,0.0006113,0.00182617,2383.759444,1,2383.759445,-0.00033038
Hood County,Texas,TX,48,221,48221,61598,141,436.82,0.00014867,0.00025843,0.00195283,1086.844292,1,1086.844291,-0.00014867
Hopkins County,Texas,TX,48,223,48223,36787,46.4,792.77,0.00027715,0.00000056,0.00199681,2010.032704,1,2010.032705,-0.00027715
Houston County,Texas,TX,48,225,48225,22066,17.8,1236.57,0.00043369,0.00000088,0.00196557,3208.121111,1,3208.121112,-0.00043369
Howard County,Texas,TX,48,227,48227,34860,38.6,904.21,0.00031846,0.00000065,0.00192603,2331.220449,1,2331.220449,-0.00031846
Hudspeth County,Texas,TX,48,229,48229,3202,0.7,4571.38,0.00160061,0.00000325,0.00193297,11823.01281,1,11832.06873,-0.00160061
Hunt County,Texas,TX,48,231,48231,99956,113.3,882.03,0.00030849,0.0005526,0.00194065,2237.898987,1,2237.898987,-0.00030849
Hutchinson County,Texas,TX,48,233,48233,20617,23,894.95,0.00032723,0.00000066,0.00192399,2299.295936,1,2299.295937,-0.00032723
Irion County,Texas,TX,48,235,48235,1513,1.4,1051.61,0.00037162,0.00000075,0.00316471,2749.400677,1,2749.400677,-0.00037162
Jack County,Texas,TX,48,237,48237,8472,9.2,920.12,0.00032922,0.00000067,0.00126377,2385.477957,1,2385.477958,-0.00032922
Jackson County,Texas,TX,48,239,48239,14988,17.7,848.64,0.00028846,0.00000059,0.0008975,2184.69295,1,2187.898358,-0.00028846
Jasper County,Texas,TX,48,241,48241,32980,34,969.7,0.00033591,0.00001805,0.00210238,2499.519979,1,2499.519979,-0.00033591
Jeff Davis County,Texas,TX,48,243,48243,1996,0.9,2264.64,0.0008032,0.00000163,0.001934,5978.576329,1,5978.617449,-0.0008032
Jefferson County,Texas,TX,48,245,48245,256526,269.1,953.11,0.00033358,0.0031577,0.00159815,2503.760693,1,2511.896812,-0.00033358
Jim Hogg County,Texas,TX,48,247,48247,4838,4.3,1136.21,0.00037539,0.00000076,0.00205429,2892.611756,1,2892.611755,-0.00037539
Jim Wells County,Texas,TX,48,249,48249,38891,44.8,868.55,0.00029216,0.00000059,0.00178589,2237.670142,1,2237.670139,-0.00029216
Johnson County,Texas,TX,48,251,48251,179927,245.1,734.13,0.02616726,0.00424638,0.00243444,1889.149234,3,1889.149233,-0.02616726
Jones County,Texas,TX,48,253,48253,19663,21,937.14,0.00033614,0.00000068,0.0025706,2448.989349,1,2448.989348,-0.00033614
Karnes County,Texas,TX,48,255,48255,14710,19.5,753.55,0.00025913,0.00000053,0.00255903,1963.353959,1,1963.353959,-0.00025913
Kaufman County,Texas,TX,48,257,48257,145310,179.9,807.62,0.04878431,0.00203855,0.00162834,2107.816853,4,2107.816852,-0.04878431
Kendall County,Texas,TX,48,259,48259,44279,66.8,663.03,0.00022671,0.00074695,0.00173535,1700.586122,1,1700.586126,-0.00022671
Kenedy County,Texas,TX,48,261,48261,350,0.2,1444.8,0.15454864,0.00221166,0.00319175,3629.229973,4,3640.441117,-0.15454864
Kent County,Texas,TX,48,263,48263,753,0.8,902.92,0.00032588,0.00000066,0.00223413,2362.853228,1,2362.853228,-0.00032588
Kerr County,Texas,TX,48,265,48265,52598,47.5,1107.29,0.00036516,0.00000281,0.00218871,2735.801044,1,2735.801045,-0.00036516
Kimble County,Texas,TX,48,267,48267,4286,3.4,1251.14,0.00044267,0.0000009,0.00155633,3302.650471,1,3302.650472,-0.00044267
King County,Texas,TX,48,269,48269,265,0.3,913.35,0.00033809,0.00000069,0.0011908,2439.210585,1,2439.210585,-0.00033809
Kinney County,Texas,TX,48,271,48271,3129,2.3,1365.12,0.00046553,0.00000094,0.00122754,3512.378916,1,3515.105034,-0.00046553
Kleberg County,Texas,TX,48,273,48273,31040,34.9,888.45,0.06986049,0.00315316,0.00193903,2253.969281,2,2261.48896,-0.06986049
Knox County,Texas,TX,48,275,48275,3353,3.9,855.48,0.00030916,0.00000063,0.00220499,2230.746943,1,2230.746941,-0.00030916
Lamar County,Texas,TX,48,277,48277,50088,53.7,933.1,0.00033557,0.00000068,0.00204244,2419.516989,1,2426.747604,-0.00033557
Lamb County,Texas,TX,48,279,48279,13045,12.8,1017.72,0.00035644,0.00000072,0.00174361,2558.258488,1,2558.258487,-0.00035644
Lampasas County,Texas,TX,48,281,48281,21627,30.3,713.59,0.00024823,0.0000005,0.00141471,1838.544743,1,1838.544741,-0.00024823
La Salle County,Texas,TX,48,283,48283,6664,4.5,1494.23,0.00049209,0.000001,0.00546698,3748.073289,1,3748.073293,-0.00049209
Lavaca County,Texas,TX,48,285,48285,20337,21,970.43,0.00033385,0.00000068,0.00186026,2517.975399,1,2517.975399,-0.00033385
Lee County,Texas,TX,48,287,48287,17478,27.6,634.11,0.00022388,0.00002568,0.00267662,1673.16031,1,1673.160308,-0.00022388
Leon County,Texas,TX,48,289,48289,15719,14.5,1080.62,0.00037785,0.00000077,0.00220832,2795.597646,1,2795.59765,-0.00037785
Liberty County,Texas,TX,48,291,48291,91628,77.9,1176.36,0.00225885,0.00150736,0.00199838,3013.08532,2,3013.085319,-0.00225885
Limestone County,Texas,TX,48,293,48293,22146,23.7,933.17,0.00032883,0.00000067,0.00194357,2426.527826,1,2426.527827,-0.00032883
Lipscomb County,Texas,TX,48,295,48295,3059,3.3,932.33,0.00033469,0.00000069,0.0079104,2339.001328,1,2361.159413,-0.00033469
Live Oak County,Texas,TX,48,297,48297,11335,10.5,1078.88,0.00036456,0.00000074,0.00192987,2776.547237,1,2776.547236,-0.00036456
Llano County,Texas,TX,48,299,48299,21243,22,965.86,0.00032873,0.00000067,0.00188518,2447.086828,1,2447.086831,-0.00032873
Loving County,Texas,TX,48,301,48301,64,0.1,676.54,0.00023139,0.00000047,0.00188762,1702.026387,1,1702.026389,-0.00023139
Lubbock County,Texas,TX,48,303,48303,310639,344.9,900.7,0.00032629,0.00407431,0.00189031,2354.147586,1,2354.147583,-0.00032629
Lynn County,Texas,TX,48,305,48305,5596,6.3,893.47,0.00031633,0.00000064,0.00174144,2293.674494,1,2293.674495,-0.00031633
McCulloch County,Texas,TX,48,307,48307,7630,7.1,1073.43,0.00037482,0.00000076,0.00175451,2776.16307,1,2776.163071,-0.00037482
McLennan County,Texas,TX,48,309,48309,260579,245.8,1060.24,0.0003726,0.00002757,0.00944859,2749.43766,1,2749.437659,-0.0003726
McMullen County,Texas,TX,48,311,48311,600,0.5,1156.79,0.00038447,0.00000078,0.00225356,2928.171091,1,2928.171092,-0.00038447
Madison County,Texas,TX,48,313,48313,13455,28.5,472.43,0.00016398,0.00000033,5.20601565,1217.382202,1,1217.382201,-0.00016398
Marion County,Texas,TX,48,315,48315,9725,23.1,420.32,0.00015422,0.00000031,0.00209914,1122.917449,1,1122.917447,-0.00015422
Martin County,Texas,TX,48,317,48317,5237,5.7,915.7,0.00032008,0.00000065,0.00222115,2343.154796,1,2343.154795,-0.00032008
Mason County,Texas,TX,48,319,48319,3953,4.2,932.22,0.00031999,0.00000065,0.00199681,2381.710729,1,2381.710728,-0.00031999
Matagorda County,Texas,TX,48,321,48321,36255,32.2,1125.38,0.79664915,0.01896948,0.00206876,2978.303298,16,2999.66365,-0.79664915
Maverick County,Texas,TX,48,323,48323,57887,44.8,1291.79,0.00044414,0.0000009,0.00040401,3370.324264,1,3380.069164,-0.00044414
Medina County,Texas,TX,48,325,48325,50748,38,1334.53,0.01051003,0.00141645,0.00228121,3454.636781,2,3454.636779,-0.01051003
Menard County,Texas,TX,48,327,48327,1962,2.2,902.26,0.0003135,0.00000064,0.00200014,2329.375045,1,2329.37505,-0.0003135
Midland County,Texas,TX,48,329,48329,169983,188.5,902,0.00032085,0.00000065,0.00190246,2359.760514,1,2359.760513,-0.00032085
Milam County,Texas,TX,48,331,48331,24754,24.2,1020.92,0.00035674,0.00002715,0.00197559,2653.217734,1,2653.217735,-0.00035674
Mills County,Texas,TX,48,333,48333,4456,5.9,749.78,0.00026711,0.00000054,0.00196579,1972.208978,1,1972.208978,-0.00026711
Mitchell County,Texas,TX,48,335,48335,8990,9.8,915.92,0.00031533,0.00000064,0.00194165,2308.346344,1,2308.346344,-0.00031533
Montague County,Texas,TX,48,337,48337,19965,21.3,938.27,0.00034124,0.00000069,0.00229384,2460.236503,1,2465.393397,-0.00034124
Montgomery County,Texas,TX,48,339,48339,620443,576.1,1076.88,0.03918093,0.00964002,0.00193131,2864.436625,4,2864.436626,-0.03918093
Moore County,Texas,TX,48,341,48341,21358,23.5,909.61,0.00033278,0.00000068,0.00172855,2338.278708,1,2338.278707,-0.00033278
Morris County,Texas,TX,48,343,48343,11973,46.3,258.7,9.21E-05,0.00000019,0.00193668,668.2497377,1,668.2497354,-0.0000921
Motley County,Texas,TX,48,345,48345,1063,1.1,989.82,0.00035637,0.00000072,0.00191021,2557.506178,1,2557.506177,-0.00035637
Nacogdoches County,Texas,TX,48,347,48347,64653,65.9,980.97,0.0003515,0.00000071,0.00193435,2592.051636,1,2592.051636,-0.0003515
Navarro County,Texas,TX,48,349,48349,52624,48.5,1086,0.00038632,0.00000078,0.09872467,2835.628064,1,2835.628063,-0.00038632
Newton County,Texas,TX,48,351,48351,12217,13,939.73,0.00032803,0.00000067,0.00055228,2439.910711,1,2457.857391,-0.00032803
Nolan County,Texas,TX,48,353,48353,14738,16.1,913.95,0.00031827,0.00000065,0.00148477,2329.938515,1,2329.938513,-0.00031827
Nueces County,Texas,TX,48,355,48355,353178,415.9,849.25,0.24645787,0.02041874,0.00043595,2206.78971,5,2216.788852,-0.24645787
Ochiltree County,Texas,TX,48,357,48357,10015,10.9,918.2,0.00033014,0.00000068,0.00199781,2307.279676,1,2331.077556,-0.00033014
Oldham County,Texas,TX,48,359,48359,1758,1.2,1501.42,0.00055121,0.00000112,0.00196057,3894.041993,1,3894.041989,-0.00055121
Orange County,Texas,TX,48,361,48361,84808,242.7,349.44,0.00012581,0.00101248,0.00191856,942.0515174,1,945.3853186,-0.00012581
Palo Pinto County,Texas,TX,48,363,48363,28409,28.8,985.51,0.00034417,0.0000007,0.00197153,2507.142526,1,2507.142527,-0.00034417
Panola County,Texas,TX,48,365,48365,22491,27.4,821.32,0.00029235,0.00000059,0.00193047,2143.496141,1,2143.928073,-0.00029235
Parker County,Texas,TX,48,367,48367,148222,162.9,910.1,0.01035063,0.00260066,0.00192328,2368.094485,2,2368.094488,-0.01035063
Parmer County,Texas,TX,48,369,48369,9869,11.1,885.21,0.0003185,0.00000065,0.00200438,2273.681995,1,2273.681995,-0.0003185
Pecos County,Texas,TX,48,371,48371,15193,3.2,4764.81,0.00164957,0.00000335,0.00197715,12269.74478,1,12269.74478,-0.00164957
Polk County,Texas,TX,48,373,48373,50123,45.2,1109.66,0.00038556,0.00000078,0.00163432,2867.619991,1,2867.619994,-0.00038556
Potter County,Texas,TX,48,375,48375,118525,128.6,921.99,0.00033648,0.00000068,0.00194387,2376.987175,1,2376.987178,-0.00033648
Presidio County,Texas,TX,48,377,48377,6131,1.6,3855.95,0.00133069,0.0000027,0.00192663,9976.010143,1,9984.681109,-0.00133069
Rains County,Texas,TX,48,379,48379,12164,47,258.83,9.33E-05,0.00000019,0.00212489,678.3848477,1,678.3848466,-0.0000933
Randall County,Texas,TX,48,381,48381,140753,152.6,922.44,0.00033041,0.00000067,0.00203367,2346.446916,1,2346.446915,-0.00033041
Reagan County,Texas,TX,48,383,48383,3385,2.9,1176.01,0.00040249,0.00000082,0.0020298,2975.854658,1,2975.854657,-0.00040249
Real County,Texas,TX,48,385,48385,2758,3.9,700.06,0.00023753,0.00000048,0.00228984,1783.631967,1,1783.631966,-0.00023753
Red River County,Texas,TX,48,387,48387,11587,11,1056.74,0.02515855,0.00000076,0.00239255,2711.086982,2,2718.630034,-0.02515855
Reeves County,Texas,TX,48,389,48389,14748,5.6,2642.07,0.00092358,0.00000187,0.00133799,6831.494838,1,6831.515938,-0.00092358
Refugio County,Texas,TX,48,391,48391,6741,8.7,778.71,0.00026293,0.00000053,0.0015453,2003.0203,1,2009.247723,-0.00026293
Roberts County,Texas,TX,48,393,48393,827,0.9,924.19,0.00033674,0.00000068,0.00198191,2366.076105,1,2366.076103,-0.00033674
Robertson County,Texas,TX,48,395,48395,16757,19.4,865.71,0.00030286,0.00000061,0.00217637,2246.947674,1,2246.947672,-0.00030286
Rockwall County,Texas,TX,48,397,48397,107819,724,148.93,0.02296405,0.00207746,0.00218252,384.0486838,4,384.0486838,-0.02296405
Runnels County,Texas,TX,48,399,48399,9900,9.4,1057.09,0.00037239,0.00000076,0.00220885,2739.88108,1,2739.881083,-0.00037239
Rusk County,Texas,TX,48,401,48401,52214,55.6,938.57,0.0003299,0.0004668,0.00223766,2420.037315,1,2420.037315,-0.0003299
Sabine County,Texas,TX,48,403,48403,9894,17.2,576.63,0.00020773,0.00000042,0.00176393,1536.263823,1,1545.682365,-0.00020773
San Augustine County,Texas,TX,48,405,48405,7918,13.4,592.3,0.00020769,0.00000042,0.00212437,1535.200055,1,1535.200057,-0.00020769
San Jacinto County,Texas,TX,48,407,48407,27402,43.6,627.91,0.00021632,0.0003943,0.00153325,1612.343318,1,1612.343318,-0.00021632
San Patricio County,Texas,TX,48,409,48409,68755,97.6,704.75,0.06209737,0.00462196,0.00191792,1799.225996,2,1804.30277,-0.06209737
San Saba County,Texas,TX,48,411,48411,5730,5,1138.52,0.00039929,0.00000081,0.00166739,2958.742192,1,2958.742191,-0.00039929
Schleicher County,Texas,TX,48,413,48413,2451,1.9,1310.69,0.00046806,0.00000095,0.9765713,3477.786172,1,3477.786175,-0.00046806
Scurry County,Texas,TX,48,415,48415,16932,18.7,907.54,0.00031795,0.00000065,0.42023093,2316.566418,1,2316.566417,-0.00031795
Shackelford County,Texas,TX,48,417,48417,3105,3.4,915.55,0.00032086,0.00000065,0.00198885,2337.78125,1,2337.781248,-0.00032086
Shelby County,Texas,TX,48,419,48419,24022,28.8,834.62,0.00029087,0.00000059,0.00170765,2141.008671,1,2147.463041,-0.00029087
Sherman County,Texas,TX,48,421,48421,2782,3,923.02,0.00034113,0.00000069,0.00055437,2384.028084,1,2384.29125,-0.00034113
Smith County,Texas,TX,48,423,48423,233479,245.8,949.72,0.00032956,0.00354806,0.00189794,2410.61557,1,2410.615569,-0.00032956
Somervell County,Texas,TX,48,425,48425,9205,48,191.86,6.76E-05,0.00000014,0.00063513,495.5453924,1,495.5453927,-0.0000676
Starr County,Texas,TX,48,427,48427,65920,53.6,1229.11,0.00039966,0.00000081,0.00092005,3092.439063,1,3097.614056,-0.00039966
Stephens County,Texas,TX,48,429,48429,9101,9.9,921.49,0.00032481,0.00000066,0.00060145,2366.54702,1,2366.547021,-0.00032481
Sterling County,Texas,TX,48,431,48431,1372,1.5,923.51,0.0003251,0.00000066,0.00198605,2391.96226,1,2391.962259,-0.0003251
Stonewall County,Texas,TX,48,433,48433,1245,1.4,920.24,0.00033023,0.00000067,0.00186079,2394.395391,1,2394.395394,-0.00033023
Sutton County,Texas,TX,48,435,48435,3372,2.3,1454.44,0.00048915,0.00000099,0.00198764,3649.24374,1,3649.243736,-0.00048915
Swisher County,Texas,TX,48,437,48437,6971,7.7,900.69,0.00033102,0.00000067,0.00197294,2363.019475,1,2363.019478,-0.00033102
Tarrant County,Texas,TX,48,439,48439,2110640,2335.3,903.81,0.32663401,0.03067955,0.00195973,2329.155952,5,2329.15595,-0.32663401
Taylor County,Texas,TX,48,441,48441,143208,155.8,919.3,0.00032901,0.00000067,0.00196064,2408.593666,1,2408.593668,-0.00032901
Terrell County,Texas,TX,48,443,48443,760,0.3,2358.06,0.00084193,0.00000171,0.00195894,6297.478057,1,6299.670372,-0.00084193
Terry County,Texas,TX,48,445,48445,11831,13.3,890.94,0.00031977,0.00000065,0.00201338,2318.663428,1,2318.663429,-0.00031977
Throckmorton County,Texas,TX,48,447,48447,1440,1.6,915.48,0.00032374,0.00000066,2.47890045,2347.263219,1,2347.263221,-0.00032374
Titus County,Texas,TX,48,449,48449,31247,73.4,425.64,0.0001478,0.0000003,16.37630554,1071.098668,1,1071.098669,-0.0001478
Tom Green County,Texas,TX,48,451,48451,120003,77.9,1540.55,0.00054784,0.00000111,0.00209792,4048.895801,1,4048.895798,-0.00054784
Travis County,Texas,TX,48,453,48453,1290188,1258.7,1025.03,0.00036464,0.01073662,0.00209257,2724.66512,1,2724.665123,-0.00036464
Trinity County,Texas,TX,48,455,48455,13602,19.1,713.97,0.0002524,0.00000051,0.00333068,1871.53775,1,1871.537748,-0.0002524
Tyler County,Texas,TX,48,457,48457,19798,21.2,935.62,0.00033094,0.00000067,0.00209258,2461.985637,1,2461.985639,-0.00033094
Upshur County,Texas,TX,48,459,48459,40892,69,592.59,0.00021369,0.00010856,0.00211886,1556.871098,1,1556.871098,-0.00021369
Upton County,Texas,TX,48,461,48461,3308,2.7,1241.5,0.000428,0.00000087,0.00205354,3164.470501,1,3164.470505,-0.000428
Uvalde County,Texas,TX,48,463,48463,24564,15.8,1558.64,0.00053601,0.00000109,0.00208685,4043.684785,1,4043.684789,-0.00053601
Val Verde County,Texas,TX,48,465,48465,47586,14.7,3232.68,0.00112398,0.00000228,0.00328667,8435.514403,1,8447.056379,-0.00112398
Van Zandt County,Texas,TX,48,467,48467,59541,69.3,859.62,0.00030837,0.00000063,0.00158637,2250.918089,1,2250.918092,-0.00030837
Victoria County,Texas,TX,48,469,48469,91319,102.8,887.98,0.00031124,0.00000063,0.00200969,2360.618208,1,2360.618206,-0.00031124
Walker County,Texas,TX,48,471,48471,76400,95.3,801.5,0.00027301,0.00017167,0.00200533,2031.502278,1,2031.502278,-0.00027301
Waller County,Texas,TX,48,473,48473,56794,109.7,517.86,0.00700439,0.00194784,0.00200454,1332.884749,3,1332.884749,-0.00700439
Ward County,Texas,TX,48,475,48475,11644,13.9,835.85,0.00029142,0.00000059,0.00199871,2151.446934,1,2151.446934,-0.00029142
Washington County,Texas,TX,48,477,48477,35805,57.6,621.75,0.00022209,0.00000045,0.00189897,1661.45474,1,1661.454741,-0.00022209
Webb County,Texas,TX,48,479,48479,267114,79.1,3375.6,0.00114522,0.00000232,0.00206348,8768.944738,1,8776.838948,-0.00114522
Wharton County,Texas,TX,48,481,48481,41570,38,1094.37,0.00037605,0.00001726,0.00209548,2839.147052,1,2839.147052,-0.00037605
Wheeler County,Texas,TX,48,483,48483,4990,5.5,915.48,0.00034092,0.00000069,0.00204821,2408.38872,1,2408.952855,-0.00034092
Wichita County,Texas,TX,48,485,48485,129350,204.4,632.86,0.00022417,0.00000046,0.00207136,1610.546486,1,1612.947408,-0.00022417
Wilbarger County,Texas,TX,48,487,48487,12887,13.2,977.97,0.00035181,0.00000072,0.00328994,2524.784745,1,2531.3166,-0.00035181
Willacy County,Texas,TX,48,489,48489,20164,33.5,602.44,0.19697503,0.00530199,0.0020771,1486.676604,5,1492.289984,-0.19697503
Williamson County,Texas,TX,48,491,48491,609017,538.1,1131.88,0.00039656,0.00421686,0.00211023,2953.652539,1,2953.652536,-0.00039656
Wilson County,Texas,TX,48,493,48493,49753,61.5,808.41,0.01329961,0.00075254,0.00209975,2151.38793,2,2151.387932,-0.01329961
Winkler County,Texas,TX,48,495,48495,7791,9.3,841.28,0.00029896,0.00000061,0.00337843,2199.205482,1,2199.205485,-0.00029896
Wise County,Texas,TX,48,497,48497,68632,74.4,922.56,0.00033153,0.00181966,0.00206278,2402.692373,1,2402.69237,-0.00033153
Wood County,Texas,TX,48,499,48499,44843,64.5,695.72,0.00024957,0.00000407,0.00212484,1817.331912,1,1817.33191,-0.00024957
Yoakum County,Texas,TX,48,501,48501,7694,9.6,799.72,0.00027797,0.00000056,0.00207209,2015.685155,1,2015.771314,-0.00027797
Young County,Texas,TX,48,503,48503,17867,19.2,930.86,0.00033906,0.00000069,0.00208545,2458.408115,1,2458.408118,-0.00033906
Zapata County,Texas,TX,48,505,48505,13889,13.1,1058.02,0.00035525,0.00000072,0.00198491,2738.550302,1,2740.123247,-0.00035525
Zavala County,Texas,TX,48,507,48507,9670,7.4,1301.73,0.00045356,0.00000092,0.00257472,3437.886483,1,3437.886483,-0.00045356